Servicio,Distrito,Medidor
100510,18,9001148
127242,35,9007698
127461,36,9118923
279534,28,9010012
329051,3,9018378
419232,1,9118553
420059,1,9117008
420631,1,9117532
420659,1,9116546
420812,1,9017587
421342,1,9017934
421540,1,9117662
422016,1,9003062
422050,1,9017873
422910,1,9072043
767205,1,9118749
849163,28,9119433
464789,1,9120198
127159,35,9118125
576628,1,9116456
127775,39,9118880
419066,1,9116625
654928,1,9116646
127251,35,9018035
930174,1,9119727
921220,1,9116551
753058,1,9118537
362261,45,9118737
167920,11,9119390
818648,1,9116089
958830,1,9117830
958766,1,9116854
480441,1,9120047
972629,1,9117857
363130,47,9120239
696102,1,9118612
419342,1,9119363
279272,28,9120083
329376,2,9118908
989748,26,9120194
822799,1,9120070
910976,1,9120231
420863,1,9103039
885622,37,9029701
1009911,40,9010655
693168,1,9117020
127690,37,9022018
106017,21,9014500
181799,15,9117883
1022485,47,
168254,8,9115553
576797,1,9117000
168263,8,9115593
168234,8,9115879
279157,28,9115781
419765,1,9116967
951959,23,9118670
333081,22,9119887
168266,8,9115877
279182,28,9068293
819616,1,9102819
750760,1,9117356
137346,44,7396051
420299,1,9117347
407856,47,9117414
203468,8,9118431
127457,36,9007695
859014,5,9119849
755505,1,9117151
841651,1,9115936
363089,47,9102953
359885,22,9118953
329309,2,9119973
127636,37,9018385
1143196,28,9119669
943192,22,9118495
329445,2,9120279
362416,45,9119277
650362,1,9117734
586561,1,9120059
777343,1,9120038
1218158,1,9118036
571079,1,9116019
830934,46,9006357
420195,1,9117210
329980,28,9120145
420590,1,9117061
629664,1,9117200
1294422,1,9115576
168944,16,9119413
278392,34,9000617
307326,2,9028871
421904,1,9118227
422132,1,9118133
769548,1,9018195
883012,36,9015051
952491,1,9118344
1034906,2,9021320
419475,1,9117596
1216691,28,9117486
744753,1,9118456
873063,8,9009523
535748,1,9116592
362372,45,9119553
727872,1,9117280
728454,1,9116749
1392012,47,9011681
278427,33,9115795
1406416,1,
259838,28,9015317
431750,1,9117278
419354,1,9102890
419204,1,9118449
419838,1,9117138
1507715,1,9117294
1212795,1,9025377
127221,35,9018207
127625,37,9008128
1202994,6,9102996
279521,28,7374
1766367,40,9119825
1040369,21,9118310
419155,1,9117537
789866,1,9117021
947309,37,9028197
2671207,23,9017917
279419,28,9119441
278624,29,9115856
904328,1,9115967
399562,47,9028846
2727981,1,9117689
391205,49,9120229
336789,22,9118651
419943,1,9116094
732080,1,9116758
873205,1,9116982
2760208,1,9116389
2763252,1,9120234
905426,43,9029596
279404,28,9118681
648086,1,9118029
2783572,1,9019117
148699,36,9027566
100229,18,9115641
2788308,1,
1015092,1,9117657
439613,1,9117728
1006283,1,9119294
279455,28,9072555
645056,1,9117553
693491,1,9117667
2797959,1,
1070451,24,9120137
362153,45,9115502
526162,1,9117619
1306422,1,9118282
343138,22,9024679
278394,34,9115817
127178,35,9119267
1452904,47,9028939
649892,1,9118532
2802933,1,9118058
362407,45,9119262
360426,26,9103053
279382,28,9120078
362399,45,9102767
431020,1,9117739
755452,1,9116591
1305638,1,9117051
850002,18,9118709
821561,1,9119315
1548688,1,9119340
1411353,1,9115629
2738757,1,9117055
2826965,1,9118639
199491,8,9019066
158579,35,9120107
961125,35,9102712
2834589,1,
1338847,26,9115767
421818,1,9117668
409882,47,9099725
2803656,1,9116671
652628,1,9117715
421972,1,9117185
419406,1,9117166
2775007,2,9119974
1524624,23,9118644
165706,35,9120115
321259,49,9029312
127844,40,9118796
978745,25,9119901
419185,1,9119271
735575,1,9119710
533956,1,9117239
2792215,1,9116781
161499,36,9118840
845517,18,9000662
830751,18,9006041
388301,47,9118967
120219,18,9118692
127361,35,9102715
1218114,1,9116054
924204,1,9118313
317303,2,9119985
419748,1,9117089
2718374,1,9115574
2861710,41,9018190
420167,1,9119702
278429,33,9115839
827761,22,9115825
420602,1,9116827
2892939,26,9115755
1077920,1,9117682
1208322,1,9117788
1339271,22,9115943
127426,36,9118843
574906,1,9115944
419076,1,9102981
118085,18,9119932
2904102,1,
2812627,1,9117888
496278,1,9116921
2908280,1,
420688,1,9018334
1015416,1,9119318
419577,1,9117723
970160,18,9118716
920255,1,9119796
659291,1,9116642
504539,1,9103081
2865195,18,
594985,1,9117691
850894,1,9116521
191924,8,9119961
933263,13,9117867
743126,1,9116562
1049584,36,9118798
2928244,1,9119083
418251,1,9117595
243673,28,9117404
2898342,8,9102921
887778,1,9117366
191311,8,9119211
127152,35,9120109
2938507,1,9119492
279424,28,9119445
770340,1,9119898
1370132,24,9119769
127418,36,9118811
134165,39,9118878
2943746,1,
999538,28,9119666
2867061,1,9120897
1035194,47,9119819
643899,1,9119884
576029,1,9116005
2782108,1,9116043
2795793,1,9117703
2954616,1,
419042,1,9115984
937947,26,9102917
2813082,22,9007354
1075793,1,9116039
175118,15,9014903
2812353,1,9116458
419709,1,9117373
1176137,1,9116493
1049583,1,9117652
1049530,1,9117757
2746773,1,9116920
418416,1,9118571
189598,8,9102968
760198,1,9117783
419225,1,9117065
100446,18,9118680
639405,1,9117716
974676,28,9119444
881249,46,9118257
883686,5,9118907
421426,1,9117148
928278,28,9102885
135958,41,9001614
419346,1,9118750
1426667,26,9102925
127187,35,9117513
862445,35,9120094
348656,23,9107882
1260888,1,9102984
3000535,35,9102710
127860,40,9018626
2982208,28,9120139
2997426,1,9116733
420734,1,9102834
1540917,1,9116593
2998061,26,9102822
161397,36,9115699
360419,26,9115743
2991690,22,9102824
363112,47,9117394
1014452,46,9119854
1494873,8,9119588
191530,8,9009103
2991485,1,9117816
2999453,1,9118614
421695,1,9116422
2996046,26,
652136,1,9116852
2774113,1,9117260
2769316,1,9117663
401660,47,9119741
2908431,1,9118377
939260,46,9002863
383346,45,9119261
3010024,1,
958142,1,9118279
168227,8,9115654
128093,44,9119861
933883,1,9117674
419773,1,9117372
1284172,1,9116088
958741,1,9116903
2776577,22,9118895
831673,8,9118220
2754822,1,9117878
2871932,1,9117119
572422,1,9117661
860847,1,9116662
363140,47,9119163
293364,6,9120015
986449,1,9117168
419738,1,9116402
2748033,1,9102830
831979,6,9119729
1984564,2,9115823
1044374,21,9118697
1029606,18,9119244
419821,1,9115611
420103,1,9118484
610609,1,9116653
2784639,1,9116425
869729,44,9119227
831853,28,9010011
139193,39,9118876
361572,46,
833325,28,9115597
948303,47,9119510
419055,1,9117346
2921137,1,9116459
419673,1,9116539
887299,1,9119503
419355,1,9119304
966415,6,9115740
375004,45,9118322
419428,1,9118290
388311,47,9102947
430701,1,9118239
1076032,1,9118595
127349,35,9115652
1040172,1,9115925
586577,1,9119634
330329,36,9118867
3019646,1,9119059
419812,1,9115976
3026148,24,9117447
680610,1,9117785
1161982,47,9119592
360146,23,9118985
279263,28,9120368
362516,49,9115714
886890,1,9117187
943410,47,9102795
419050,1,9102837
895062,1,9115500
3030864,1,9119078
868412,1,9118564
2735399,1,9119097
2917806,1,9117976
3017564,1,
3036144,28,9117474
1062126,47,9119882
419601,1,9117363
875360,18,9103083
127640,37,9117495
2905952,8,9118171
419411,1,9118288
100548,18,9117914
2756276,22,9117693
900694,1,9118135
2983633,18,9116842
100425,18,9116091
644887,1,9117032
420004,1,9116721
419941,1,9116738
419530,1,9117310
846968,47,9118394
363101,47,9118373
631095,1,9119057
1299789,1,9119813
3039857,6,9118243
279451,28,9118821
2997777,47,9117632
419327,1,9118148
419525,1,9116386
928454,1,9102972
1161304,28,9119641
3040043,26,9119197
124465,18,9118777
1347653,29,9117997
421416,1,9117736
2833011,8,9119118
168923,15,9022201
419794,1,9118965
419680,1,9117264
785818,1,9115993
2920660,8,9118918
653227,1,9116809
857016,28,9102813
3016731,1,9118429
279509,28,9119639
891145,1,9115655
2725150,46,9118350
419792,1,9116576
421422,1,9102978
1215418,21,9118352
419668,1,9117601
1367609,1,9115638
2765952,29,9118214
2878878,24,9118521
2770012,1,9117412
421605,1,9119565
957526,1,9120256
3022659,1,9119818
3031561,1,9119792
2996116,41,9119558
896329,1,9116820
420038,1,9117105
645581,1,9116530
1570359,28,9120073
362390,45,9117712
2811526,10,9027591
2834518,1,9116847
2776840,8,9119662
421475,1,9118874
951442,1,9116572
827518,1,9117069
1297296,1,9117068
279212,28,9117458
732143,1,9119744
882692,1,9117201
360438,26,9115747
1163262,1,9119820
523036,1,9116711
1373559,1,9102939
419075,1,9103052
419039,1,9102910
1071414,47,9119743
2868202,46,9118590
2783679,8,9118460
204256,8,9012453
392843,49,9117775
600397,1,9118328
418819,1,9117202
1177384,1,9102793
958624,47,9119346
419357,1,9118568
839621,1,9116688
1015040,1,9119601
1014534,18,9119456
644816,1,9118463
360295,24,9102935
611985,1,9117163
127149,35,9117563
100483,18,9103069
410450,47,9120060
1449344,1,9116777
419417,1,9117708
1376597,1,9116987
1416515,1,9118516
989121,1,9118589
2942277,1,9116767
715678,1,9102913
1193693,1,9103070
2857352,1,9117305
840759,1,9115955
419254,1,9116531
420516,1,9117584
420544,1,9118472
100517,18,9118764
526246,1,9120848
100570,18,9118733
319905,49,9116435
631076,1,9117228
3066065,46,9117350
419175,1,9117490
2736613,8,9119109
1072218,1,9115913
2940984,1,9119691
758856,1,9118028
3076590,1,
127628,37,9022023
1313050,1,9103014
576584,1,9117152
1070372,28,9119640
652623,1,9116877
363127,47,9117444
728180,1,9116448
419705,1,9117162
887450,1,6000005
100552,18,9119454
1175865,45,9119865
2995050,28,9117476
3065170,28,9119672
3081596,28,9117993
203875,8,9118392
3093706,1,9120519
1078156,45,9119221
127440,36,9115691
1047869,28,9102899
963794,35,9117836
167959,10,9103055
168824,8,9119115
329139,3,9118937
2855901,1,9116240
1232011,39,9118875
1426287,1,9117139
420277,1,9120863
120312,18,9021585
3090621,1,
519352,1,9119520
3086868,1,9116516
3076776,1,9117147
399535,47,9120245
420293,1,9118411
180720,17,9119410
1072597,1,9116335
3083070,1,9119521
100233,18,9102863
100248,18,9103096
100226,18,9115602
100227,18,9115584
362095,46,9117180
127623,37,9117546
123489,20,9094108
957350,26,9115758
3007516,45,9115784
363124,47,9115729
279283,28,9072559
419768,1,9116963
1194401,28,9119683
168790,8,9102950
329024,3,9115710
1304499,41,9115676
817484,1,9116569
3097564,1,9120905
2514521,1,9119737
970287,43,9115704
419753,1,9116506
100039,20,9118719
127450,36,9000982
127631,37,9027838
168241,8,9119138
279048,28,9118760
360078,22,9006363
360079,22,9018222
363005,47,9117720
363149,47,9119568
419720,1,9117326
420013,1,9116466
420657,1,9117286
420840,1,9006534
421343,1,9006636
421809,1,9017924
421880,1,9017528
144027,39,9013957
843236,1,9116643
852618,18,9029156
876147,18,9029728
876282,49,9119154
419758,1,9116626
418843,1,9117510
420523,1,9118499
887951,1,9115647
644523,1,9117054
570220,1,9118311
612057,1,9116655
466918,1,9119233
929655,28,9120149
362994,47,9103067
749170,1,9120040
947740,1,9117731
950876,35,9117535
951506,35,9119284
234259,28,9120081
419813,1,9116658
360164,23,9118846
746436,1,9118873
329880,4,9118990
127960,41,9007380
755328,1,9119899
870068,1,9116401
168849,8,9116092
577585,1,9116732
279460,28,9118303
329777,5,9120272
996521,29,9015708
419129,1,9118533
578635,1,9120255
127143,35,9120099
1012522,1,9115751
127145,35,9119269
910123,1,9116544
168780,8,9118368
1027461,47,9103034
1006953,36,9018210
420449,1,9102810
652954,1,9118043
884722,47,9116873
100563,18,9118145
421585,1,9116831
168242,8,9119134
421580,1,9116541
1004010,1,9116080
727988,1,9116757
279491,28,9117407
168816,8,9102907
347029,26,9120238
971616,23,9018840
216505,28,9120147
278817,28,9119416
362990,47,9103044
119066,18,9118309
329463,2,9120021
329774,5,9120008
376198,45,9119937
958338,36,9119826
1199974,1,9029337
848561,23,9019953
419897,1,9117589
421728,1,9120684
423257,1,9118323
498459,1,9117780
1103117,49,9120184
419121,1,9117710
420906,1,9118086
422158,1,9118255
914636,1,9018748
952494,1,9027554
360299,24,9102916
419585,1,9118292
867679,25,9102815
1195339,8,9117915
877213,1,9117931
279253,28,9120080
1337832,45,9038279
1355627,28,9117468
1355874,5,9120013
1355884,5,9002117
127155,35,9115673
779673,1,9116624
1384356,36,9115672
578632,1,9116734
727934,1,9116514
362154,45,9115543
1406419,1,
1415349,47,9102956
128094,44,9117820
890386,1,9117027
1194333,42,9029016
247494,28,9118210
348462,23,9118466
419096,1,9116857
419660,1,9117050
815763,34,9102895
829888,1,9116866
513138,1,9116718
421789,1,9118093
413547,45,9115854
419671,1,9116648
419592,1,9116715
397496,47,9117633
420295,1,9116835
1820967,1,9117764
1039759,22,9118848
279296,28,9117470
1029352,1,9118353
2701913,7,9102600
362403,45,9118271
833403,18,9118736
100411,18,9119425
2725831,26,9007942
1550178,1,9118075
329881,4,9021173
2731565,1,9116905
191342,8,9119956
419172,1,9117517
278424,33,9115800
168233,8,9115522
168220,8,9119142
2750551,41,9029598
886896,1,9117275
727839,1,9120039
100504,18,9118690
2726337,2,9028885
356395,24,9118538
420924,1,9118100
930781,1,9119908
329821,4,9119215
2775914,28,9060472
2172349,28,9015631
2778222,1,9102980
419649,1,9102926
1188262,11,9119385
815742,2,9115769
2788443,1,
2745324,1,9116385
419808,1,9116661
865771,1,9116676
2797926,28,9118892
2726267,8,9011097
707075,1,9116681
1227953,1,9117605
329499,2,9120007
904102,1,9117300
100173,20,9010749
168250,8,9115657
814354,1,9116783
210063,8,9119967
868851,1,9116739
675266,1,9117259
419647,1,9118256
420255,1,9115959
420292,1,9117198
1171272,8,9102958
168729,8,9119192
1188612,1,9115587
421444,1,9117229
2764725,1,9118046
420099,1,9116588
421830,1,9117107
419200,1,9116985
728769,1,9119143
120860,18,9117963
418385,1,9118324
452264,1,9117673
387012,47,9120220
215023,28,9120170
2754315,47,9118154
1515460,1,9008220
1300177,18,9119549
2286351,1,9117803
279375,28,9001708
478801,1,9118728
2783716,28,9119450
310577,2,9119999
906136,1,9119090
831467,1,9118280
1424734,1,9118457
168650,8,9119945
1024783,10,9119663
767470,1,9118420
2846509,1,9119893
168777,8,9118443
541338,1,9119590
744790,1,9120257
419713,1,9102808
420616,1,9116800
629684,1,9115968
168252,8,9115501
420085,1,9115538
2862377,1,9120643
190646,8,9119208
158757,36,9118787
2808104,2,9115748
1313946,1,9118640
419093,1,9117005
128079,43,9022911
732833,1,9117242
2580684,1,9117683
2882654,1,
127669,37,9072098
100249,18,9102952
434262,1,9116888
168231,8,9115923
362284,45,9118333
421413,1,9116995
2878053,19,9119609
2890963,23,9119643
715749,1,9117104
1272648,29,9120150
960979,1,9117790
2900961,1,
2905942,8,9119375
576816,1,9119033
420689,1,9118136
419820,1,9118387
645057,1,9117932
2855909,1,9117666
1198500,1,9115813
891214,1,9116684
376243,45,9119311
148624,36,9029255
165719,35,9120090
2474690,1,9116845
168677,8,9020203
279151,28,9115615
2720904,26,9119816
685664,1,9116993
147869,35,9120121
1463016,1,9119626
849097,45,9118684
420256,1,9116597
168261,8,9116071
419324,1,9119298
2851571,1,9102760
1225299,18,9119526
2939454,1,9119791
887112,45,9118260
420792,1,9118898
2752252,24,9118562
127353,35,9116081
2769801,1,9116823
821614,36,9028999
100580,18,9119219
2951883,1,9118126
962379,46,9119829
2807867,8,9119144
189725,8,9119191
976395,1,9116565
209901,8,9118160
359884,22,9118956
191433,8,9119946
127430,36,9102734
923364,24,9118542
2788213,8,9119685
419578,1,9118325
707107,1,90000009
438857,1,9117750
1026250,20,9010743
420223,1,9117261
168783,8,9115962
168796,8,9119475
100166,18,9116052
897491,1,9103068
2758430,1,9118580
643375,1,9116791
420749,1,9117774
419888,1,9117858
885177,1,9120852
941320,1,9116394
165641,35,9120119
2973968,28,9117440
419146,1,9116480
2956900,8,9119137
1004615,1,9118024
395561,47,9118959
1327486,1,9117806
944172,1,9118363
1143805,28,9119680
423358,1,9117620
189200,8,9118190
420491,1,9102758
2734788,13,9119478
1089432,1,9117755
2889314,36,9072140
625749,1,9117702
2801592,15,9022091
149490,35,9120104
2974047,1,9116433
2784415,8,9115814
551237,1,9120203
577341,1,9116910
419154,1,9117552
358567,26,9115726
870620,5,9118960
2149465,28,9117456
715798,1,9117791
862076,35,9118181
2983467,1,9118072
467713,1,9119081
870881,1,9117067
362417,45,9118705
796234,1,9119087
2940256,47,9119764
2991246,1,
127780,39,9118788
421598,1,9118552
954659,28,9010948
324249,3,9119986
758309,1,9118442
825759,1,9117349
2184981,2,9119852
2889018,28,9120189
3006132,1,
419433,1,9118372
1036879,1,9119591
419828,1,9102864
838292,1,9119321
982721,20,9009831
1286360,37,9119853
2956690,28,9115807
362091,46,9119281
2765743,1,9116069
1921148,1,9116787
329147,3,9119994
168229,8,9115561
2813185,47,9119740
329436,2,9115736
3009337,49,9120258
483745,1,9119703
898772,1,9117610
421445,1,9117491
920207,1,9115504
121872,18,9119926
419580,1,9118969
426054,1,9120585
2815431,29,9118759
2789111,1,9115728
419928,1,9116748
889247,1,9117046
887058,1,9116420
127481,36,9001092
419529,1,9116833
1367307,1,9118611
419028,1,9115622
2980835,1,9119675
3030278,1,9119811
279539,28,9103038
910359,8,9119958
1330728,8,9118374
3026031,46,9118272
2999563,28,9118756
419192,1,9117023
1220024,1,9116004
420668,1,9116657
454490,1,9116430
1354059,1,9119616
3024986,1,9119721
1360543,1,9116512
827703,1,9119079
1203211,1,9117247
833215,1,9116408
873947,1,9116381
100561,18,9118721
749797,1,9117935
3031637,1,9116490
396052,47,9120251
419983,1,9116584
419756,1,9118386
127150,35,9118182
2929162,45,9119096
872562,1,9102993
1206711,35,9119828
157314,36,9115686
431891,1,9119504
763339,1,9118549
420218,1,9117587
152838,35,9118176
877532,1,9118703
2829051,1,9120667
572433,1,9116879
1216676,1,9118882
168839,12,9119427
3042411,24,9119595
877476,32,9119804
420112,1,9117887
3048838,8,9115509
2762498,18,9118774
167996,9,9119331
329311,2,9102960
3054902,1,9120842
240202,28,9117438
911737,35,9120116
705141,1,9115965
2788459,8,9119460
349257,23,9118548
350966,24,9118475
2794700,8,9119326
1266026,41,9118852
2895844,1,9115958
757069,1,9116792
2809381,1,9116557
1469774,1,9117127
362374,45,9115787
361588,46,9115873
1426707,6,9115733
100024,21,9119452
890281,1,9102772
1387676,1,9118474
2523499,1,9116239
685642,1,9117238
106630,18,9119933
100047,20,9001216
386720,47,9117387
629714,1,9117658
1037761,28,9119681
464801,1,9117450
1020124,6,9120267
420033,1,9119633
484440,1,9117675
543476,1,9116689
2729472,1,9117551
3012920,1,9116373
633992,1,9116566
2786399,28,9014526
419558,1,9117524
2766060,47,9102998
419833,1,9119815
952918,1,9116505
419078,1,9116553
3014565,12,9117920
979435,1,9116053
3011350,22,9118620
594982,1,9118491
100456,18,9103066
2949488,1,9118095
3029414,1,9119025
420107,1,9119100
922244,1,9117653
521706,1,9117225
3022968,6,9119847
3083229,8,9117981
650768,1,9115937
2723521,1,9116916
2874076,1,9118281
856711,26,9120827
3031598,8,9118155
844418,2,9115722
861295,47,9102782
523111,1,9117221
3077344,47,9117190
189390,8,9119114
2857675,45,9117988
746349,1,9117002
419608,1,9117222
523152,1,9119060
3088122,45,9117895
629913,1,9119476
279414,28,9119403
419332,1,9118406
935062,23,9120126
3076139,1,
749523,1,9119756
362024,46,9119235
119451,18,9119923
595071,1,9115953
2867305,1,9119497
2896046,47,9119593
3082290,1,9120726
990215,35,9102812
891178,36,9118862
1494847,1,9117102
419453,1,9116017
977897,1,9116969
329453,2,9115738
499058,1,9115914
648660,1,9116829
728366,1,9118687
398349,47,9119736
3070361,1,9120644
2950107,1,9119806
1305479,1,9102750
100540,18,9119466
924716,23,9118903
1171639,28,9118300
421644,1,9102987
419256,1,9116497
127648,37,9119265
1032992,1,9102976
3106987,1,
420224,1,9018158
100567,18,9118143
1169816,18,9119530
2806570,45,9000739
3105012,1,
200953,8,9116922
332673,22,9117211
329688,6,9102709
3062182,8,9120772
419067,1,9117192
407835,47,9118946
419138,1,9119272
1051882,28,9119400
2916248,8,9115837
3092449,1,
419301,1,9118481
127459,36,9102725
3074126,1,9064448
647521,1,9117343
1538285,45,9116462
3089789,8,9024889
100019,21,9115659
100236,18,9103008
1057887,30,9118696
3027327,1,9120669
3089951,1,9117864
897699,1,9119759
576722,1,
3094002,8,9116880
648302,1,9117188
854713,46,9119830
1012656,8,9102951
835598,1,9102778
309762,3,9115700
3106975,1,
1198556,1,9117030
420546,1,9115523
128004,42,9115656
168798,8,9119352
1181355,1,9116502
100496,18,9103079
441188,1,9120719
3023328,47,9119763
3056772,22,9115972
823191,1,9115573
3030042,47,9116297
100231,18,9005375
127444,36,9018208
168991,17,9119386
328920,3,9115598
329545,6,9109349
329553,6,7243747
329724,5,703975
359969,22,9018951
363084,47,9119169
419191,1,9007154
419338,1,9117254
420068,1,9117365
420197,1,9116832
420654,1,9102836
420658,1,9118404
421774,1,9017935
549229,1,9117289
419079,1,9116601
362368,45,9118349
363104,47,9117433
776790,1,9119300
100392,18,9119453
879677,28,9117382
419250,1,9118555
386022,47,9117434
127621,36,9118268
511080,1,9117341
420587,1,9117086
129309,39,9029711
167899,11,9007344
420639,1,9118060
281244,36,9120106
362357,45,9118258
545678,1,9120208
127342,35,9120120
762918,1,9120049
419127,1,9117639
773989,1,9118617
419508,1,9116801
420582,1,9116746
360430,26,9115713
329520,7,9102711
696128,1,9117698
781230,1,9117638
932851,45,9119947
419707,1,9117284
318675,49,9119812
107081,18,9117911
964836,45,9117966
109663,21,9119579
363097,47,9118936
907920,1,9116477
420134,1,9119322
419790,1,9116577
1027431,28,9008980
472449,1,9116009
196074,8,9119335
995445,1,9102941
862091,1,9117037
831171,23,9118894
278549,30,9115874
279477,28,9075332
418323,1,9120058
421572,1,9119149
629978,1,9115970
127215,35,9117560
420221,1,9115909
329541,6,9119982
898300,47,9118382
329307,2,9118938
975286,1,9118062
1067613,28,9117436
420593,1,9115600
595014,1,9116042
966980,26,9119821
835403,26,9026974
1086275,28,9120167
278636,29,9120169
889804,28,9120074
541394,1,9117332
329127,3,9119983
1039480,5,9119990
1038557,8,9118917
1188739,28,9120192
1177005,47,9119844
419356,1,9118433
279395,28,9117924
419462,1,9103040
523108,1,9116752
421601,1,9118069
278650,28,9102790
419196,1,9118226
420225,1,9119145
885306,1,9118131
903841,8,9013075
956786,1,9102858
975416,1,9116605
419976,1,9116468
835605,1,9118434
1343516,22,9120751
279405,28,9118745
781077,1,9115905
419405,1,9118739
1188750,28,9120075
414988,11,9119389
418244,1,9117158
940111,1,9116943
718061,1,9117137
1272890,1,9116439
118425,18,9118248
386015,47,9117635
725190,1,9115979
1590314,1,9118107
1590321,1,9118117
1673567,1,9117597
278990,28,9117921
168050,8,9118197
2495490,1,9028823
418844,1,9117079
418797,1,9116397
420642,1,9117733
585886,1,9119732
747038,1,9119229
419423,1,9116881
340225,22,9017856
1192792,1,9116507
316231,5,9120003
2724130,1,9117043
1068027,36,9118863
217666,28,9119436
453432,1,9117838
685841,1,9117841
168264,8,9115824
335761,23,9118904
309343,3,9119987
829871,1,9116461
467321,1,9119488
743989,1,9117856
1071857,1,9118597
1169823,1,9116000
2764329,1,9116716
100484,18,9119421
421589,1,9117582
608643,1,9116622
437658,1,9117345
2774707,1,
419288,1,9118523
362381,45,9115564
362156,45,9118097
302320,2,9119991
2713457,1,9116876
2794872,1,9119486
461174,1,9117630
120791,18,9118250
168243,8,9115876
1070449,24,9120125
130094,40,9118820
2813611,46,
361595,46,9119310
886256,1,9119699
419102,1,9116525
702938,1,9116959
423362,1,9116524
550946,1,9116834
899700,1,9072056
334815,23,9119316
419926,1,9119085
291500,4,9120009
619371,1,9118503
2831652,1,
882197,1,9103030
428238,1,9116419
419431,1,9116012
420971,1,9117781
2842075,8,9117910
2842180,47,9119894
128054,43,9018188
2833662,1,9008668
957867,1,9116654
816592,1,9119589
419633,1,9119317
278623,29,9120546
2858911,1,9116478
908685,1,9115681
2862383,1,9118968
2862387,1,
1168001,37,9022287
589137,1,9120769
460526,1,9117889
2514084,1,9118646
2871466,9,9120923
279149,28,9117488
279144,28,9117485
419147,1,9118545
814173,1,9116031
403662,47,9119194
1359325,47,9119846
829682,20,9119934
851655,18,
100214,18,9118767
127363,35,9102794
903956,8,9115863
127362,35,9115662
951597,1,9118077
794994,1,9116983
421606,1,9117338
1268143,47,9118011
419184,1,9117845
278425,33,9115862
2733506,1,9117600
655437,1,9120025
361537,46,9119312
361538,46,9119948
2897162,1,
502721,1,9117181
2899897,28,9118891
2781439,6,9118405
2905222,1,9117621
637569,1,9116606
877054,1,9117164
873013,1,9117817
2904745,47,9117398
209902,8,9119442
2910997,1,9008423
360065,22,9118850
360062,22,9102966
279459,28,9119382
419073,1,6000011
2918108,28,9119419
2903156,1,9117804
168838,12,9102945
100433,18,9043764
2815084,28,9119649
330333,28,9017516
207658,8,9115764
2900271,1,9116994
278919,28,9119637
815775,28,9005047
329673,6,9103049
360412,26,9115766
2923804,1,9118229
419109,1,9116899
880560,36,9115535
2941984,1,9119883
128010,42,9117536
279155,28,9115797
2891138,1,9118622
419040,1,9115980
278604,29,9118213
168823,8,9119210
846326,1,9118076
2954257,26,9103015
168821,8,9119201
278954,28,9119439
419086,1,9116491
2954638,37,9027113
1272312,1,9117927
361605,46,9119596
2959194,46,9118001
1166874,8,9115761
1176382,1,9117765
419212,1,9117004
548455,1,9117671
480733,1,9118054
523912,1,9119337
2866383,47,9020400
485968,1,9117207
1189083,46,9118014
127198,35,9117548
461205,1,9118291
360375,25,9103027
2807347,8,9117907
123387,20,9119886
421449,1,9103075
508758,1,9120068
420122,1,9119909
118055,18,9021587
2741198,1,9117544
211248,8,9119328
362335,45,9119239
2873852,47,9102963
274058,28,9117462
168609,8,9002053
279406,28,9118744
168845,12,9119430
100041,21,9115680
362369,45,9115772
329400,2,9118962
707635,1,9118610
917553,3,9119621
947597,46,9119935
3004561,1,
419685,1,9116621
420217,1,9118327
127647,37,9016503
168247,8,9120854
1359617,1,9116388
360478,27,9103028
621548,1,9116672
773093,1,9118517
421705,1,9102801
278627,29,9115869
986445,26,9119765
2999724,1,9118483
2999729,1,9119345
2732961,1,9117786
757247,1,9116633
362992,47,9102742
463803,1,9008803
1341434,1,9116778
2883807,46,9102872
1414314,1,9116868
146504,41,9029697
835532,23,9118966
360354,24,9118487
127412,36,9118858
3007097,6,9117482
2931927,1,
3009176,1,
909250,8,9115887
2754126,1,9117593
424776,1,9117828
870853,47,9119374
100466,18,9103098
903121,1,9116779
3033029,28,9119554
975690,1,9119468
279500,28,9117423
279442,28,9120893
2984892,36,9118835
2895065,1,9118671
419962,1,9117342
2751003,1,9102862
1033330,28,9115791
1067045,2,9115737
2953685,1,9119049
2856592,32,9115706
3018227,28,9115792
1031686,47,9118974
421358,1,9117735
3033960,8,9118361
2838670,1,9117874
838433,35,9007703
488600,1,9117770
419111,1,9116649
419656,1,9116975
972652,22,9118473
963853,28,9117399
753030,1,9118482
491788,1,9117800
365941,45,9119943
127212,35,9117565
199423,8,9119351
900184,1,9115991
419174,1,9117492
119828,18,9119916
419901,1,9117979
191405,8,9118391
975526,45,9119858
157940,35,9117577
588243,1,9102909
753665,1,9116846
2808426,1,9116471
420025,1,9116440
569246,1,9117603
842940,1,9119785
1025308,35,9117545
894776,1,9117159
168639,8,9118911
400565,47,9118153
419858,1,9115990
418873,1,9116060
727902,1,9117321
1050757,18,9118306
127224,35,9117574
1365260,1,9119726
2842317,1,9116405
834837,46,9103057
363102,47,9118989
2914712,8,9118170
127843,40,9118854
419334,1,9117554
420671,1,9117367
360149,23,9118550
854932,1,9116811
1269584,1,9119808
362359,45,9118262
487674,1,9118440
2969451,1,9119496
1135952,1,9103037
419496,1,9118252
419119,1,9119567
3006399,1,9102848
461308,1,9115915
818494,1,9119537
709505,1,9119618
930865,1,9115911
419125,1,9119299
2776597,24,9119559
2873251,1,9118912
683538,1,9116453
891162,1,9116639
3046758,22,
917237,1,9116931
728430,1,9116773
363106,47,9117397
700397,1,9117133
1305225,1,9117340
362401,45,9117304
419205,1,9119248
1171065,1,9119252
1077255,8,9102915
421387,1,9118389
2742904,1,9116861
952023,8,9118157
1177258,37,9119223
742846,1,9119343
419568,1,9115753
3016922,1,9118524
3048572,47,9118450
361594,46,9119094
2670614,1,9118592
1422277,28,9118748
224642,28,9117410
329803,5,9119968
723209,1,9119080
3056622,23,9119719
419727,1,9117157
2847757,47,9117719
1558742,1,9117571
421619,1,9115505
3059908,28,9118023
728352,1,9116374
761361,1,9119795
419064,1,9117026
830899,1,9119707
168604,8,9119190
2764121,1,9118402
420541,1,9102731
864643,47,9118416
168797,8,9116002
3077755,1,9118345
3083530,7,9117613
642608,1,9117634
3070806,18,9119467
1040139,1,9116494
2979214,8,9118200
419071,1,9103082
419586,1,9119513
1495993,46,9119091
362428,45,9102757
3040917,1,9119693
419280,1,9117057
2908355,30,9118632
198747,8,9118447
278511,31,9117419
418998,1,9102924
2798068,8,9119952
3080634,46,9117292
1008943,1,9118502
419156,1,9118567
279294,28,9120141
844048,1,9102948
899231,1,9117943
2906296,1,
100250,18,9103088
959198,1,9102775
423253,1,9119371
274882,28,9118781
1037455,46,9119263
2851425,1,9102914
419037,1,6000013
577347,1,9118603
2879997,1,9117375
860123,18,9102887
750664,1,9120211
973913,1,9115635
3060469,35,9120686
3087865,8,9026369
2929263,1,9117141
3101327,49,9118241
420948,1,9118560
1369067,1,9120587
2803875,28,9117547
1162773,45,9120756
2874249,1,9116714
419048,1,6000006
959969,1,9120831
3015770,1,9119236
3106984,1,
2753989,1,9102844
340195,22,9102857
100575,18,9119529
419809,1,9103016
3108209,22,
3090131,1,9116600
100131,19,9115912
631100,1,9117572
420037,1,9116764
866256,46,9119874
2811300,18,9118711
2873230,1,9119718
100245,18,9116072
971809,18,9102875
100221,18,9115630
100243,18,9102891
100235,18,9102888
100020,21,9115650
360421,21,9115639
100228,18,9115624
2689349,28,9120079
874261,24,9118518
106654,18,9118307
2790500,1,9118032
3110751,26,
2805265,1,9118015
3112092,46,
918967,1,9116298
579916,1,9116596
2668932,1,9117975
261610,28,9119384
1558990,47,9118381
659277,1,9116667
419065,1,9115902
3093604,1,
3078693,23,9119735
309648,3,9018414
419005,1,9103085
363131,47,9117441
2852239,1,9115609
882097,45,9102788
656962,1,9117078
419497,1,9116603
420110,1,9118730
3112078,1,
127627,37,9018936
127633,37,9018184
127963,41,9007376
168993,17,9119412
278906,28,9117812
329470,2,9029448
362177,45,9002610
363133,47,9006082
419733,1,9117111
420905,1,9115569
421555,1,9007031
421577,1,9116617
421578,1,9116942
421583,1,9118293
421989,1,9117773
100491,18,9117904
168565,8,9119327
363122,47,9117431
838818,28,9118625
843607,18,9028971
598241,1,9116786
421428,1,9117144
419691,1,9116024
199653,8,9118362
886423,28,9117808
892276,1,9116941
279484,28,9116837
461235,1,9117729
903685,23,9118849
360303,24,9118207
930839,1,9002753
934269,1,9116040
419877,1,9117377
943345,23,9118847
127839,40,9018075
127340,35,9120096
837928,18,9117913
870106,28,9117472
958740,1,9116650
958743,1,9117505
680423,1,9117031
964708,1,9120509
942947,1,9117843
783922,1,9117035
958814,1,9116020
504635,1,9116415
920203,1,9120054
643257,1,9120050
362353,45,9119238
849963,29,9118591
976917,31,9117417
989725,1,9119483
128080,43,9118853
416554,8,9022058
1007538,1,9117752
956717,1,9116064
127424,36,9072141
944177,1,9120034
866231,2,9119976
1022133,47,9029648
796897,1,9115901
1027462,47,9102754
127649,37,9000629
1030064,40,9004991
362409,45,9119254
523136,1,9119323
360150,23,9118666
1003563,8,9118932
168258,8,9115870
278643,29,9119747
882963,45,9115762
419249,1,9118140
420297,1,9119285
418246,1,9117274
330238,36,9118866
147025,44,9119225
419372,1,9116955
827559,29,9118755
1076666,28,9120173
331656,22,9120209
224426,28,9120148
795966,1,9118073
362993,47,9102831
1007840,18,9119611
694553,1,9115916
419445,1,9117684
1200632,1,9117778
885991,1,9119030
419418,1,9116957
419211,1,9117317
418289,1,9118531
127164,35,9115683
647585,1,9117064
421024,1,9118205
419430,1,9116741
360075,22,9119779
1278804,40,9028931
168063,8,9119133
504447,1,9027100
762536,1,9117722
829846,3,9075284
420029,1,9116775
912463,8,9102949
961568,42,9022655
419911,1,9116934
133506,38,9017615
279020,28,9117460
254982,28,9007409
278501,31,9115867
420157,1,9116891
1058130,1,9116814
127610,36,9029139
420185,1,9116629
418258,1,9120066
329022,49,9097361
819474,1,9115661
359928,22,9119556
330239,36,9118812
468055,1,9117738
362354,45,9118340
421576,1,9118326
362104,46,9102878
1150199,47,9028092
163899,36,9118832
418781,1,9116023
1436687,1,9118869
656445,1,9119116
1206778,8,9115842
2147818,6,9021793
666860,1,9115969
728962,1,9116728
362382,45,9102701
386542,47,9119761
419300,1,9120052
362991,47,9103007
2723507,28,9119469
419277,1,9119303
420672,1,9118034
949501,1,9118430
883912,1,9116451
752709,1,9120061
511366,1,9117378
329222,2,9118935
555914,1,9102859
215347,28,9119446
2671478,1,9116999
552964,1,9117131
420298,1,9118286
419057,1,9102988
100152,18,9115932
653779,1,9117654
317301,2,9115579
576887,1,9117568
419664,1,9116776
934608,1,9017667
2713455,1,9116912
2787861,28,9900111
168259,8,9115524
421512,1,9116543
418382,1,9118056
127795,39,9118877
420248,1,9116928
360028,22,9006898
348733,23,9118845
449410,1,
362385,45,9115552
724984,1,9119089
918624,1,6000009
499692,1,9115920
887224,1,9118224
421824,1,9117103
421820,1,9116492
997521,47,9120024
329928,36,9118861
419110,1,9116904
1200391,5,9119964
1465062,1,9116041
100899,18,9119463
858882,1,9116556
2801545,1,9102789
937315,1,9118113
1343345,1,9116510
1003419,17,9119387
500596,1,9115917
100634,18,9117953
2836779,1,9072171
367118,46,9118588
112078,18,9028994
419258,1,9005298
168625,8,9119940
1396865,8,9117909
329465,2,9118996
329389,2,9115715
278622,29,9115855
2732270,45,9118278
100590,18,9118707
418303,1,9117302
361162,11,9119411
168244,8,9115692
753968,1,9120055
420120,1,9117143
578583,1,9117124
2872020,1,9116719
419992,1,9117506
360420,26,9102771
419320,1,9118514
2875429,1,9116616
2875957,2,9118975
168704,8,9118218
895015,18,9016225
2880436,1,
127354,35,9102717
127358,35,9102729
406221,47,9117445
421821,1,9117255
421337,1,9118206
127227,35,9119286
309473,3,9119975
2889154,1,
278422,33,9115794
278419,33,9119803
823203,1,9116579
278421,33,9117471
730750,1,9118052
503397,1,9116632
359927,22,
390515,47,9119900
1034618,28,9119836
279377,28,9119406
2895402,1,9117902
246460,28,9117400
2792390,1,9119088
100549,18,9118710
2902032,1,
279300,28,9117421
728965,1,9117818
827893,22,9103033
463800,1,
419681,1,9102923
279520,28,9115868
939401,1,9117656
852138,1,
843632,4,9118909
2800966,1,9117900
611918,1,9118669
855048,45,
2931255,1,9118354
2932219,1,
886636,28,9119398
278625,32,9115528
1377931,8,9118419
363006,47,9118943
363147,47,9119365
2843589,1,9117938
2825154,1,9116851
2942493,1,9117084
2363284,28,9118695
419637,1,9102751
849728,24,9119506
279150,28,9115588
2955708,1,9018263
2848674,36,9118786
2786957,23,9103004
280756,36,9119823
1547262,45,9119253
418871,1,9116010
168789,8,9119112
2964486,1,9117328
191850,8,9119357
951596,1,9102800
707066,1,9116683
2781948,1,
2827688,1,9116686
109399,19,9119541
329549,6,9120020
2718764,37,9117531
935932,1,9117508
419082,1,9115542
138272,37,9019729
1040328,1,9116455
2734813,1,9120938
420191,1,9116690
419396,1,9116737
2967927,26,9103035
344470,23,9118954
419742,1,9116449
168245,8,9115592
1184049,26,9115752
420261,1,9118109
2975676,1,9117608
103222,18,9118778
695217,1,9115995
732083,1,9116712
2778039,1,9118427
279152,28,9115619
1235058,47,9120187
419537,1,9118012
1299414,47,9120204
1355866,1,9118289
820343,1,9117234
419852,1,9118498
2838758,8,9117894
751601,1,9117293
461060,1,9118497
2882843,1,9116674
729584,1,9118665
360427,26,9103065
1293111,1,9117607
389909,47,9119902
168052,8,9115563
419180,1,9116578
419070,1,9102833
930151,1,9018198
876951,1,9117263
172518,12,9119431
2723502,1,9116770
2880138,1,9117885
3006128,1,
200279,8,9119957
127779,39,9118790
419736,1,9119762
2992457,3,9120271
1510222,25,9102973
635271,1,9117246
957837,18,9118762
1343515,1,9116858
421414,1,9117028
952871,40,9118791
2742056,1,9116722
1127683,1,9116695
897441,8,9115898
939259,46,9002039
360123,22,9120195
363137,47,9013364
127197,35,9120112
861937,31,9103024
420151,1,9117814
420002,1,9116780
127792,39,9118799
2770090,18,9117807
989285,1,9115928
168889,13,9119393
1214729,11,9119584
728422,1,9116720
419889,1,9116396
1062960,1,9116495
3032233,1,9116706
2730449,35,9119288
363048,47,9119172
683988,1,9117085
600334,1,9116015
843002,1,9102770
772030,1,9118593
1494825,1,9118606
419281,1,9118688
3031997,1,9117101
388203,47,9118152
845474,28,9115665
419570,1,9119313
419347,1,9118520
2711697,1,9118683
860263,28,9102756
2778300,28,9103012
419438,1,9116769
1299773,1,9119367
1215460,8,9119965
779677,1,9117082
1413551,47,9102937
954233,28,9117386
2847355,8,9119120
3029408,1,9119075
100219,18,9103077
508988,1,9116022
362395,45,9115557
419560,1,9119255
975550,45,9119193
1030749,39,9118179
2940647,47,9118945
758645,1,9119518
1450141,1,9102847
2940419,45,9004924
753696,1,9118488
419572,1,9116978
982915,1,9103019
2985583,1,9117019
361599,46,9102882
1033095,1,9117432
3019665,22,9119657
950936,8,9118191
714286,1,9116935
942586,28,9117383
419460,1,9116682
2731494,1,9117217
419307,1,9117392
949201,18,9119251
855979,23,9118896
961948,1,9116076
127359,35,9102759
885649,8,9119360
3006830,23,9117389
2951518,49,9115960
951589,23,9118983
873840,47,9118972
755048,1,9117523
1112561,8,9119686
282676,5,9119971
872844,47,9118942
420227,1,9116073
2942474,1,9117170
899402,1,9102773
1011123,18,9118775
1214689,22,9119625
3037765,1,
1017858,8,9115907
2723687,1,9120036
862053,1,9119180
2833661,1,7748678
127870,40,9120108
419004,1,9102846
1050055,8,9118930
2732184,28,9118780
941996,1,9119058
279316,28,9117484
279464,28,9118783
1403163,28,9118301
1568529,1,9119055
2810501,28,9120076
1049656,1,9117585
362370,45,9115836
362373,45,9115864
362379,45,9115606
362387,45,9115808
2882570,26,9115757
539228,1,9116885
161267,36,9118785
2983460,1,9118478
1307918,24,9118534
906656,16,9116638
115147,18,9119917
279519,28,9119471
993983,1,9116864
3040413,1,
2730009,1,9117686
419442,1,9119493
419718,1,9117327
420931,1,9116898
3061110,36,9023156
885339,1,9116944
1374603,1,9117827
2763204,29,9117996
1168549,1,9118240
2838038,46,9119857
387070,47,9117203
3080618,23,9119771
100017,21,9115631
100225,18,9115669
421604,1,9117746
217670,28,9119434
896653,8,9118919
419014,1,9102942
198572,8,9119353
884087,1,9119247
1054078,1,9115989
362343,45,9118263
100138,19,9118769
363139,47,9119557
3003808,1,9117641
420529,1,9117590
420545,1,9119624
414236,45,6000010
856346,1,9116980
1037848,28,9072554
419607,1,9119481
2774286,28,9103011
168658,8,9119213
279489,28,9118758
278550,30,9007997
817685,1,9120829
420510,1,9115947
420525,1,9119368
420506,1,9116503
1071283,9,9119949
127226,35,9117957
833950,8,9118418
329456,2,9117193
127854,40,9118792
2931911,1,9116001
418277,1,9117677
363157,47,9119895
2845309,1,9119122
3087254,28,9118626
3082678,1,
419817,1,9117081
755266,1,9118480
419034,1,9102708
2847423,47,9119841
421506,1,9006793
279422,28,9120766
363167,47,9117452
985334,47,9119656
831600,1,9116059
765707,1,9119695
747912,1,9116678
562492,1,9116976
3065364,47,9117252
419033,1,9102959
2772022,47,9118645
419333,1,9118500
654002,1,9118574
100186,18,9117881
419394,1,9102806
2823068,1,9117146
728426,1,9120647
127732,38,9118839
2843167,23,
824738,1,9116571
523140,1,9119694
3080841,8,9119544
732864,1,90003625
741298,1,9120945
863262,1,9115575
168737,8,9118169
1573358,47,9120222
3029743,1,9116924
2846333,46,9116432
100044,20,9102876
100237,18,9115695
100223,18,9115585
2903167,1,9116527
127957,41,9115666
1177097,1,9102990
420163,1,9119603
499468,1,9120623
2760212,1,9116914
766921,1,9115948
829295,41,9001486
434441,1,9120560
2964666,9,9117060
2745657,1,9116918
127964,41,9118802
418405,1,9117627
1211562,2,9115734
764227,1,9121053
1027533,47,9116028
2992368,1,9096621
3084305,1,9116380
693959,1,9084996
100218,18,9014741
127634,37,9018504
127961,41,9005249
278514,31,9007803
279394,28,9117463
279398,28,9118164
279399,28,9117439
279402,28,9117437
279403,28,9118209
329141,3,9024880
418995,1,9090457
418996,1,9021592
419780,1,9116664
419819,1,9116958
420094,1,9116784
420096,1,9117134
420656,1,9116713
421517,1,9017524
421772,1,9017872
421924,1,9011822
421936,1,9006318
422908,1,9017831
420570,1,9116047
832845,28,9117473
843123,18,9028970
845524,18,9008027
127165,35,9117556
100207,18,9119571
418386,1,9117080
449536,1,9117258
377784,46,9116464
329923,36,9023159
240985,28,9119418
935322,1,9118505
362344,45,9118004
894826,47,9102718
859288,1,9116522
168251,8,9115534
645305,1,9117648
645166,1,9119274
643125,1,9117679
645907,1,9117010
418811,1,9117972
511415,1,9117899
461183,1,9117659
499267,1,9119892
360293,24,9119562
419241,1,9117594
949029,1,9117645
469441,1,9117224
127782,39,9029198
746354,1,9119907
756123,1,9119885
993405,30,9023428
420565,1,9102974
626008,1,9117316
881330,1,9115985
866178,1,9116631
728676,1,9117352
419424,1,9117062
968230,26,9115768
336785,22,9120133
951958,23,9119767
363094,47,9118087
750670,1,9117295
279428,28,9118803
127432,36,9118864
279148,28,9008736
279333,28,9117424
127180,35,9117573
725749,1,9116815
127642,37,9018941
419128,1,9116515
554007,1,9118515
890262,46,9118332
279495,28,9108961
419150,1,9116896
329150,3,9004107
363172,47,9119171
363032,47,9118198
925174,1,9116027
1070514,8,9119329
418432,1,9116826
329310,2,9118995
419103,1,9116882
421666,1,9117771
419058,1,9116045
420997,1,9119126
959327,1,9116463
903169,1,9120067
362404,45,9118259
725395,1,9116090
127435,36,9027855
1220716,1,9115506
127622,37,9118830
946690,8,9007447
362330,45,9119258
1193228,8,9119942
1272547,1,9117177
1011381,1,9116021
192359,8,9014799
933661,45,9118264
387863,47,9119677
168919,15,9119428
360323,24,9018165
419509,1,9018966
419862,1,9008119
421507,1,9117707
421607,1,9118064
421770,1,9009636
421776,1,9117792
541683,1,9117782
976569,2,9119780
1018564,1,9017474
127653,37,9008133
1059808,1,9115942
100501,18,9118717
419278,1,9117567
879498,3,9119619
419964,1,9117311
1457587,46,9117991
1457619,8,9115880
362384,45,9115511
191089,8,9118359
362023,46,9103036
1064509,1,9103071
278630,29,9102746
419195,1,9117024
1353973,1,9117329
419343,1,9118476
278500,31,9117418
1340027,1,9117730
1553321,8,5801750
419895,1,9116817
278621,29,9120544
245889,28,9118808
329329,2,9117897
587822,1,9116509
1299942,28,6000007
419775,1,9117371
127218,35,9029021
245822,28,9119670
279204,28,9118888
362025,46,9118753
419279,1,9118527
418412,1,9119632
2077749,8,9119690
100213,18,9118776
127455,36,9007400
397882,47,9028080
329481,2,9120017
419305,1,9103045
844770,1,9118294
129883,40,9005928
2740218,47,9118151
330345,36,9118813
851995,17,9103074
420481,1,9118074
329021,49,17832823
2745255,28,9120151
1752768,1,9117761
419456,1,9102761
2749802,3,9025020
2735769,2,9118940
728912,1,9116932
756073,1,9117509
419282,1,9118266
836674,1,9116694
2763128,45,9118586
463994,1,9116424
419714,1,9117160
526130,1,9119338
905215,1,9117216
2670998,1,9116788
551805,1,9119305
144441,40,9118793
127850,40,9118795
2713149,1,9116406
419408,1,9116457
419163,1,9119249
2734039,1,9118038
549827,1,9116619
420251,1,9117017
420273,1,9116417
342635,22,9118672
2797394,1,
1070448,24,9120129
606194,1,9117844
418254,1,9117974
575176,1,9117569
2811489,28,9117954
2814073,30,9014682
580175,1,9117676
2816255,33,9115819
715689,1,9116450
1266290,1,9117370
419374,1,9116473
2819355,1,
127148,35,9117562
421822,1,9116636
419178,1,9117542
918665,1,9102811
420916,1,9116856
279448,28,9119473
2824625,1,9117713
420095,1,9116723
100188,18,9118304
521696,1,9119778
419757,1,9115994
362155,45,9115788
127360,35,9102702
1260907,46,9115786
856083,8,9118199
2842927,1,9117861
463797,1,9116819
168630,8,9119373
168692,8,9119214
2848246,1,9116812
418261,1,9118067
362341,45,9119260
329312,2,9115739
659520,1,9117644
316752,6,9120006
1073939,1,9116893
891226,28,9011600
543605,1,9117744
421441,1,9116984
100572,18,9103064
1075427,1,9115945
168246,8,9115537
420073,1,9116927
420598,1,9116964
285382,6,9120010
733285,1,9117511
519536,1,9116772
329429,2,9118997
363161,47,9102786
1328437,1,9119870
421423,1,9116760
2770864,1,9118222
127357,35,9102707
1194308,1,9116542
100246,18,9103092
1112404,1,9115983
359926,22,9102744
907602,35,9120114
278423,33,9115840
767533,1,9117901
361533,46,9119936
2845519,1,9097908
421448,1,9116598
279392,28,9118211
279517,28,9117425
2839821,1,9116427
1352445,1,9118424
2900647,28,9118825
2901106,47,9119166
2794170,25,9006929
420674,1,9118643
2905423,28,9117453
959382,1,9118346
963187,18,9119464
419276,1,9117768
1398143,47,9117742
419391,1,9117195
1238293,1,9118275
774115,1,9118504
420036,1,9117130
2914441,1,9118127
418433,1,9116602
2915680,1,9102989
2890659,1,9117717
1041405,46,9119834
503399,1,
836606,18,9119918
419555,1,9116926
754283,1,9116810
403061,47,9120244
2806197,1,9116567
928333,18,9119925
1226484,1,9120057
2905137,28,9120174
2682982,1,9117766
2753250,28,9117986
439071,1,9117701
2781466,6,9017605
329677,6,9103054
393323,47,9120214
1355758,1,
2940093,1,9118604
418321,1,9117539
279474,28,9072556
2804978,13,9119394
419467,1,9117121
930540,1,9102736
127193,35,9120101
127463,36,9118859
2903034,8,9102964
713365,1,9116068
329679,6,9102714
2814116,35,9120088
100513,18,9119217
419161,1,9118235
712743,1,9117299
982768,22,9115648
2952521,1,9116867
1005048,46,9117178
350498,23,9012941
1042953,1,9116400
2776455,1,9120199
360297,24,9119509
419124,1,9117007
419747,1,9116966
2890882,1,
675898,1,9117077
147205,35,9120098
278957,28,9115782
421447,1,9119301
822416,1,9118512
319781,49,9119155
127778,39,9008129
534371,1,9115987
2967174,1,9116997
876370,1,9117334
309578,3,9115725
168248,8,9115560
127865,40,9029140
127356,35,9018382
1015224,18,9119524
753860,1,9118986
420557,1,9119032
2673546,22,9120226
124225,20,9118772
2882040,28,9118826
2881604,28,9119472
1296862,8,9119119
168627,8,9119359
1037818,1,9119356
420489,1,9103029
931246,18,9117906
100093,19,9103063
982947,47,9028439
1021615,8,9118369
168803,8,9118189
420149,1,9117288
2756001,36,9117854
2864637,1,
421433,1,9117361
2923686,24,9118510
2858804,1,9117529
643588,1,9118110
965246,1,9116575
854727,46,9118330
2993826,47,9119182
3000547,35,9102752
949605,1,9116063
1440411,1,9116974
757898,1,9116677
397096,47,9119162
2888253,1,
2840032,8,9119140
127447,36,9021900
127420,36,9119827
1092449,36,9029467
2989643,23,9118957
3000561,35,9102706
1330045,1,9116436
100474,18,9118732
281251,36,9000799
1218172,46,9118261
419134,1,9116647
889535,1,9117588
745183,1,9119903
847672,26,9115750
958745,1,9116518
934624,45,9099609
1327389,1,9117538
421600,1,9116608
168815,8,9119572
168657,8,9119953
420161,1,9117251
2818979,1,9102991
886417,1,9118385
727899,1,9116413
3028774,6,9018024
3015890,1,9118509
2901105,1,9119102
1193467,28,9119638
269640,28,9117406
420078,1,9118675
2981511,1,9116083
420150,1,9117231
421452,1,9117393
361601,46,9115763
978001,1,9117149
278463,32,9115858
562727,1,9119293
1037692,1,9119768
584128,1,9119517
1020284,44,9119224
152801,35,9119824
3021865,1,9119199
215601,28,9120084
279436,28,9102732
419994,1,9115653
1437055,47,9118025
168478,8,9119212
419292,1,9118452
419712,1,9116998
419435,1,9117543
419847,1,9116730
696269,1,9116883
279475,28,9119679
279447,28,9119381
104906,19,9119575
3030020,26,
872832,18,9116087
3019640,1,9119056
360413,26,9115723
3025046,1,9118914
419105,1,9116951
362394,45,9115521
419420,1,9116058
2963965,11,9102908
3025688,4,9017883
127862,40,9007764
969581,8,9119837
924081,1,9118561
279542,28,9118779
823597,1,9117314
685661,1,9116709
792427,1,9117039
823639,1,9102825
279256,28,9119383
1056822,1,9116818
2998442,1,9118098
1017686,28,9103010
168782,8,9102961
1031408,1,9116398
2763808,1,9119098
897782,1,9117215
867409,11,9014619
199641,8,9118413
418281,1,9118529
127965,41,9118815
2749254,1,9118596
279443,28,9120545
357599,25,9119176
100585,18,9118715
696283,1,9119614
848705,1,9118543
1075806,1,9115996
168217,8,9115973
2760180,1,9117628
715658,1,9116988
839126,1,9119775
3059966,45,9116936
2974279,46,9118027
1387707,1,9102814
573337,1,9119027
914321,1,9102865
771236,1,9117583
420263,1,9116853
2769222,1,9102842
925225,1,9119177
419629,1,9115678
279492,28,9117469
386946,47,9120188
575236,1,9116744
329480,2,9115735
1355679,23,9119867
2865145,28,9102896
743113,1,9116628
1503800,11,9119576
167991,9,9119583
967103,1,9116949
1328742,24,9102999
3046757,22,
3046759,22,
1200292,1,9116774
3041042,2,9017717
889325,1,9119297
127369,35,9119287
419921,1,9102881
417963,28,9119443
419598,1,9102817
1075530,1,9117331
420618,1,9119341
421499,1,9119366
2787632,2,9119962
362391,45,9119850
361587,46,9115871
388298,47,9117692
892563,18,9119218
2792734,1,9117171
1350111,1,9102764
981232,1,9117695
419265,1,9118493
419916,1,9116049
1040917,36,9118868
168753,8,9118186
523155,1,9103072
3013936,28,9115793
100023,21,9119810
715654,1,9117303
419052,1,9102982
880460,1,9115601
420024,1,9116890
1177185,1,9102970
707741,1,9118242
901153,1,9117071
2836770,1,9115801
419866,1,9116570
1026378,1,9102869
700186,1,9117855
419945,1,9117132
2785500,17,9119462
1299943,28,6000008
419077,1,9116992
167903,11,9119461
419725,1,9102877
419193,1,9116798
2913016,8,9119204
345056,23,9117091
100043,20,9102886
419397,1,9118082
362431,45,9102944
419335,1,9117048
329302,2,9115760
419295,1,9118540
2843383,1,9117174
420502,1,9116685
2869833,1,9118080
1304142,1,9116520
278651,28,9102779
867729,18,9116062
1076811,10,9119665
3025027,1,9116431
751630,1,9116038
420192,1,9116687
842595,1,9119296
419663,1,9118315
419784,1,9116454
420801,1,9117759
395641,47,9120221
419891,1,9116580
2976485,45,9118297
3001441,1,9119508
3060364,28,9117925
438147,1,9115908
922027,40,9118818
100535,18,9118245
1107168,8,9119205
1406447,1,9117649
3060829,28,9117923
2812008,1,9119697
279431,28,9118804
1015876,1,9118663
362414,45,9115770
827078,1,9117665
2961893,22,9117413
820935,1,9120213
398534,47,9119183
419032,1,9115636
420104,1,9116804
816514,18,9118305
100555,18,9119220
3048193,18,9103050
278644,29,9115857
2884013,45,9118068
3077862,1,9120865
2971943,1,9120799
168253,8,9115532
419021,1,6000003
100224,18,9115580
829012,32,9102784
3105138,1,9120734
279488,28,9118165
2752420,1,9102867
2789586,1,9120822
329433,2,9115721
896477,49,9118030
1043267,18,9118236
148051,35,9120117
3094869,1,9116950
3009789,1,9120925
2996210,1,9117926
3076891,8,9120770
3089762,20,9119550
863097,1,9103003
168998,17,9117893
1304868,1,9118364
100091,19,9103089
100018,21,9115640
3106953,1,
845056,11,9115514
1348256,1,9119734
1225911,17,9118600
329454,2,9118973
2807568,1,9117687
3050651,1,9120819
2815041,28,9117385
3106079,45,9117336
3096573,1,
2931924,1,9103032
3082409,1,9120926
2908225,47,9118910
751305,1,9116937
2733881,1,9118579
279463,28,9116841
100438,18,9119424
127250,35,9018508
127962,41,9007639
278512,31,9007680
279390,28,9120087
279396,28,9120159
329824,4,1044863
360253,23,9119696
362336,45,9025321
362339,45,9119280
419118,1,9118370
419389,1,9116594
419666,1,9118453
421603,1,9119158
421778,1,9116796
421986,1,9018551
421987,1,9119701
422542,1,9006214
574321,1,9117074
362989,47,9102727
419659,1,9119292
127365,35,9117498
451586,1,9117364
752427,1,9116499
902128,46,9119279
423355,1,9116035
665492,1,9116906
930201,1,9005673
787177,1,9118134
784588,1,9117161
933682,1,9120042
419503,1,9117012
644945,1,9120259
645055,1,9120062
130184,40,9027559
127954,40,9118841
138049,37,9027519
892332,1,9116946
278819,28,9116839
159523,36,9011904
100222,18,9118694
419272,1,9118454
750764,1,9117753
420498,1,9118469
886240,1,9116981
419159,1,9117541
419148,1,9116859
977113,1,9119631
279522,28,9017520
278816,28,9117467
127791,39,9029462
418427,1,9118111
889006,1,9120031
601025,1,9116913
745175,1,9118565
716442,1,9116437
419116,1,9116828
978256,1,9117690
1025029,8,9115888
418816,1,9120045
600226,1,9116620
1039487,1,9117726
328977,3,9029508
854106,3,9007574
419294,1,9117056
654256,1,9117769
419198,1,9116743
1054993,1,9116003
421953,1,9117718
872674,1,9018320
921008,23,9085776
971618,23,9086887
127462,36,9118844
360167,23,9004339
247589,28,9120138
128005,42,9117557
391581,49,9120196
360414,26,9017693
385901,47,9118408
691974,1,9118118
329468,2,9120014
329775,5,9009261
879054,36,9029191
329801,5,9119993
419069,1,9116018
1023447,1,9119728
732077,1,9117312
279197,28,9120162
1207095,1,9117025
395604,47,9118648
420483,1,9117526
534478,1,9117640
422133,1,9118342
696951,1,9117376
1296579,23,9119866
167348,36,9001507
167989,9,9119532
168022,8,5747129
421771,1,9117794
591234,1,9027767
880117,1,9119026
883186,1,9117763
1025464,36,9115682
709778,1,9116032
419153,1,9118539
1270935,1,9119369
1015443,1,9117930
1355674,1,9120190
909304,28,9015629
1006613,1,9118132
420585,1,9117006
419740,1,9115595
276253,28,9119671
957508,1,9119629
451880,1,9116884
1406442,1,
421609,1,9102868
420222,1,9116393
279423,28,9117956
948214,1,9117092
127364,35,9117576
244434,28,9118747
362077,46,
1423409,46,9118158
420008,1,9115697
423391,1,
420108,1,9116637
420806,1,9117724
329367,2,9004304
2729098,1,9117743
971725,47,9120261
439537,1,9117226
127433,36,9029801
2743431,1,9117625
420480,1,9116751
1059561,4,9119970
419451,1,9117070
400712,47,9119822
453405,1,9116284
419425,1,9117191
1076574,26,9119766
2767968,8,9119644
2749983,36,9118833
823103,21,9001219
168564,8,9119216
373016,46,9119941
161240,36,9024242
119522,18,9118720
888126,28,9120152
280329,8,9118415
1068762,18,9119646
278935,29,9117984
168267,8,9115594
2795567,36,9004993
480256,1,9120065
167962,10,9118467
362158,45,9116641
2806863,8,9116097
419635,1,9115570
1063244,6,9115730
995255,6,9115749
1449369,1,
1039700,2,9115744
439646,1,9117223
420281,1,9117324
419665,1,9118649
279239,28,9117401
421762,1,9103047
421461,1,9116763
419054,1,9102776
168223,8,9115519
2134349,8,9118356
2825073,1,
2786739,1,9116387
1300165,28,9120146
363096,47,9117430
930997,1,9116673
2830441,35,9118816
981760,1,9117622
360302,24,9102912
1603590,28,9022969
386593,47,9119339
2743636,1,9116923
421973,1,9117186
362396,45,9115637
419719,1,9116096
191805,8,9119209
168663,8,9117869
966715,23,9119770
2849129,1,9118575
360250,23,9118988
421954,1,9102897
1200117,5,9119969
1071367,35,9006781
907700,28,9072574
2849378,8,9118196
2862371,1,9118870
2832675,44,9119228
2816266,1,9118573
909083,18,9005339
2739121,23,9118881
362418,45,9102738
419991,1,9116771
2781463,6,9120202
773126,1,9117706
843602,18,9008314
2796536,36,9117958
130754,42,9120122
363092,47,9119362
127351,35,9102755
419641,1,9117136
2831647,1,9117797
969793,1,9116050
301615,2,9119966
1171871,1,9120876
447673,1,9096423
2751606,1,9119788
1415352,1,9116693
124927,18,9118773
2877133,1,
278416,33,9115850
975211,1,9119700
2768417,28,9119682
989729,34,9072553
768810,1,9119372
836392,1,9118063
859717,1,9117205
2902900,28,9118823
1028547,28,9119399
419524,1,9116034
2905224,1,9006386
2906944,8,9117871
393961,47,9120228
2907598,1,
2895581,22,9118477
168255,8,9115510
387304,47,9119164
523134,1,9120570
2904048,24,9096282
2916525,1,
168806,8,9118167
418809,1,9116886
419972,1,9119491
1070856,47,9090667
116598,18,9011299
127151,35,9115577
411071,47,9117700
104946,19,9118699
1042479,28,9115610
421542,1,9117784
2938522,1,9008046
893162,1,9117212
897448,1,9117664
593532,1,9117758
1076612,1,9117886
157173,36,9118925
2942467,1,9116488
2766585,1,9102861
2762666,23,9022464
147284,35,9120089
588749,1,9116014
257612,30,9120165
100481,18,9118308
360377,25,9102829
887528,20,9118722
872511,36,9118831
254985,28,9117428
2287749,1,9117076
421597,1,9116670
518776,1,9118741
631013,1,9116692
168215,8,9118215
469047,1,9117740
753703,1,9118511
279147,28,9119447
953253,26,9102900
168221,8,9115899
2859152,47,9119888
146272,41,9021946
420127,1,9116489
920952,18,9118246
100547,18,9117968
2962078,45,9118319
168799,8,9119136
2691006,23,9119869
420183,1,9102883
2881856,1,9117173
1415883,22,9018059
887160,8,9115515
419975,1,9116699
419003,1,9102728
714372,1,9117669
576497,1,9116708
279545,28,9118299
2970536,1,9116850
2975944,26,9021602
2851878,28,9118177
2986357,24,9118941
419798,1,9118223
419084,1,9102818
543012,1,9117036
2850674,8,9118920
847988,1,9119117
2826991,1,9118461
933861,1,9117839
1169065,1,9117109
751602,1,9117322
1065829,1,9116441
2916536,49,9119600
2981057,1,9029510
1060201,1,9118598
2996209,22,9115628
930168,1,9116048
2998735,1,9117530
1237462,18,9900081
419085,1,9117120
2788339,1,9116428
926288,1,9027796
419186,1,9116970
1014191,1,9115986
1105969,1,9117272
948220,46,9119929
1321667,1,9116469
100385,18,9028973
278648,29,9102780
649322,1,9118112
2839918,1,9120646
751226,1,9118089
3012600,1,9119604
972630,1,9117865
420534,1,9102807
279427,28,9118916
3012673,1,
713243,1,9117125
728343,1,9116698
842640,23,9118927
419493,1,9117519
1003382,47,9118650
2962709,1,9116084
2762799,1,9117309
885525,1,9115975
974647,1,
2912025,47,9119156
1031437,1,9116057
279533,28,9117427
2816757,28,9118890
684098,1,9117155
630084,1,9117298
882126,1,9118609
630953,1,9116703
3020683,1,9117866
2957599,1,9116487
2869689,1,9116895
387494,47,9118999
2847329,1,9119758
279411,28,9118677
279456,28,9118212
949710,1,9119623
958354,47,9119505
419510,1,9117388
2891143,1,9116595
2978842,1,9102791
958358,45,9000509
420084,1,9117129
329143,3,9115707
420035,1,9117522
3034248,1,
899552,1,9116446
2754259,1,9117825
727896,1,9117358
363171,47,9119174
168990,17,9119457
538391,1,9118455
414944,23,9118897
592560,1,9118035
3020741,1,
353738,22,9118902
3029394,1,9119101
909033,1,9117100
867652,2,9029020
419723,1,9117108
2899532,1,9116098
2942600,1,9116607
419036,1,9102893
2817155,36,9118842
3013870,36,9008105
1040375,1,9117245
953058,1,9117015
816268,1,9117650
1328244,1,9116917
515085,1,9118316
3017566,1,
1336706,28,9102762
850508,1,9117847
556330,1,9116979
279513,28,9102737
329431,2,9115811
1502264,1,9117598
2808769,1,9116536
824496,28,9119417
330332,28,9118746
420069,1,9102792
2790613,1,9117826
421438,1,9118541
2994809,23,9118883
419984,1,9116470
120924,18,9118735
329489,2,9115718
3019036,8,9022175
708452,1,9117182
420005,1,9102726
1177766,1,9117214
1048391,1,9117219
2872621,1,9119817
421710,1,9102874
168285,8,9119150
1038778,18,9118724
419520,1,9118321
2967620,1,9119023
2863661,8,9119573
127773,39,9115698
3054016,1,9119777
694522,1,9116055
1058662,8,9117892
889277,28,9119651
957791,1,9103061
832756,1,9116460
2983524,1,9119809
2695654,1,9116447
2831361,8,9115815
2919378,1,9119500
562628,1,9115634
1038436,6,9115822
525276,1,9119342
959351,26,9102931
863785,47,9119379
595157,1,9118042
709154,1,9116725
1025084,1,9119730
2970312,1,9119805
685641,1,9117237
1902948,1,9116785
769017,1,9117777
759891,1,9116892
3056422,1,
362151,45,9120941
727974,1,9119776
958160,47,9119167
421476,1,9117732
998170,1,9117795
2737230,1,9120186
2786604,20,9021586
279480,28,9102835
420219,1,9115961
880253,1,9116702
961976,1,9102748
279524,28,9119650
2817352,1,9115540
405312,47,9119772
486683,1,9115701
685863,1,9103006
168942,16,9119429
421693,1,9119121
3013827,47,9028412
419081,1,9116392
3065281,45,9119873
165692,35,9020050
389670,47,9025974
2818054,1,9117609
3086460,1,
2730989,47,9119673
2916083,1,9118285
2754068,1,9116560
118393,18,9118761
419414,1,9102854
1300052,18,6000002
1301248,1,9116871
363164,47,9118390
420229,1,9116789
350627,24,9118536
831622,1,9117150
745596,1,9118485
2806351,1,9116901
419905,1,9103059
903840,35,9119283
214945,28,9118679
279454,28,9119408
137489,44,9117534
1022327,37,9119270
168041,8,9118159
657255,1,9116538
924712,47,9118436
189187,8,9118358
329495,2,9115759
945142,3,9120022
3079042,1,
3062664,18,9116805
404690,47,9119606
3075469,18,9119645
889050,1,9102902
419199,1,9116807
3083007,1,
3078804,1,9119111
3064958,28,9119230
3080502,1,9119185
2830853,28,9118628
363162,47,9119889
1321161,28,9118893
1460753,1,9117093
419157,1,9117626
1491456,19,9119607
100135,19,9118768
2821737,19,9119608
127421,36,9115663
3069541,8,9008758
3077433,8,9117990
466873,1,9120929
3080343,8,9010243
3090270,45,9117617
2874508,1,9119480
611974,1,9117320
419466,1,9117072
1493421,1,9102983
1326792,45,9120773
895250,1,9120725
419043,1,9102946
3061169,40,9117960
3102814,22,9120907
420080,1,9117066
2873020,22,9102905
595054,1,9116623
127458,36,9118800
1195640,1,9117813
100670,18,9118146
100234,18,9103086
100232,18,9103031
2971648,28,9120600
1552942,47,9119364
2806580,8,9119959
3103059,8,9117240
419711,1,9119370
928299,11,9118535
364067,45,9118283
715193,1,9116759
419041,1,9102700
1045070,8,9002506
127352,35,9103060
127350,35,9115642
3080134,45,9117747
168791,8,9118459
3007673,1,9120861
481238,1,9115924
3074452,1,9120804
524456,1,9102892
2931922,1,9115826
756510,1,9117504
3093115,1,9119320
420231,1,9115805
419489,1,9119845
100469,18,9119243
168992,17,9116581
279397,28,9120140
279430,28,9047673
168801,8,9118435
419977,1,9116465
420076,1,9118066
420780,1,9115940
420900,1,9017729
421241,1,9117824
421412,1,9118366
421446,1,9116753
421819,1,9116925
421829,1,9004956
422461,1,9094447
422540,1,9042262
423239,1,
818246,1,9117330
843120,18,9026290
849454,18,9010082
329455,2,9119000
876160,18,9004413
423357,1,9118884
930988,1,9006047
362360,45,9118269
168262,8,9115885
168836,11,9119440
736064,1,9116535
419315,1,9118546
958833,1,9117846
418949,1,9117660
243678,28,9047669
791441,1,9120185
421701,1,9116467
496872,1,9120217
932257,1,9120233
432870,1,9116613
416557,28,9115526
329539,6,9120005
421593,1,9118464
419963,1,9116075
869300,1,9117355
854516,23,9120128
858722,1,9120243
419640,1,9118403
906728,1,9118667
1008311,1,9115988
1015649,3,9119842
279516,28,9008511
838942,1,9116025
278955,28,9117487
420249,1,9119896
221728,28,9118889
876356,28,9015646
279437,28,9008267
676874,1,9116961
968689,5,9116645
420294,1,9117319
844858,1,9027713
1048998,21,9118782
420496,1,9118506
872675,1,9118071
1063385,1,9116534
896852,19,9119455
278548,30,9008010
279046,28,9119667
681101,1,9116095
1063100,35,9117941
728264,1,9117863
329457,2,9119622
363083,47,9119814
420795,1,9117779
360324,24,9118141
329140,3,9120019
420996,1,9117705
382363,45,9119944
962012,1,9117096
909618,22,9120131
420254,1,9116500
1220697,1,9118091
574805,1,9116016
419083,1,9115954
168111,8,9118380
766881,1,9118108
777614,1,9117725
833223,3,9008120
851142,1,9117760
902977,5,5746002
1194224,8,9119146
127169,35,9117578
1313034,35,9102705
120876,18,9118771
419853,1,9116586
1069104,1,9117862
1053638,1,9118530
419507,1,9118037
877164,1,9119036
360423,26,9115931
1406448,1,
419416,1,9118871
419348,1,9119241
879253,1,9118045
167911,11,9118360
100543,18,9119246
1039646,1,9117368
757200,1,9116680
385879,47,9120250
761383,1,9117041
419909,1,9117250
1553677,47,9120183
968840,1,9117022
1193725,47,9120216
1179624,28,9118784
1504151,1,9117297
918929,46,9118348
420060,1,9117087
420591,1,9116938
755005,1,9120027
2711612,22,9006691
1315391,8,9119189
328921,3,9102901
925658,1,9118081
420640,1,9118059
789632,1,9117709
329345,2,9020584
416732,47,9119124
680873,1,9118084
959134,1,9116026
1193556,1,9117636
2737397,8,9119206
329705,6,9119996
2731848,47,9119181
100562,18,9118763
329020,49,9119563
244911,28,9120153
362388,45,9115778
329202,2,9118961
976004,46,9117967
1025254,47,9119904
953343,1,9117233
2134155,8,9115599
419448,1,9119755
362420,45,9118335
120993,18,9118713
423379,1,9116564
2737153,18,9118691
100417,18,9118302
325946,2,9119978
260416,28,9007741
362378,45,9115882
1082785,8,9116077
2766749,1,9115667
2764266,47,9117448
279401,28,9117435
2792801,19,9119931
932869,9,9117905
420614,1,9115591
1400467,1,9120029
1070452,24,9120130
362383,45,9115548
279433,28,9118807
823836,15,7321755
420101,1,9117218
2808249,1,9117873
360416,26,9102721
651226,1,9006643
1391551,1,9118298
289405,6,9119998
873775,1,9117243
419755,1,9117285
421810,1,9102975
420123,1,9117227
128011,42,9028946
204250,8,9118934
418167,1,9102879
1477764,1,9117985
420313,1,9118673
2800736,1,9116604
100560,18,9118765
2836083,1,9117748
1211868,1,9022523
361593,46,9103022
2780967,47,9117390
2842928,1,9117875
2843457,28,9022873
419238,1,9119250
736534,1,9116803
1431593,1,9103000
2847404,1,
2849410,1,
420160,1,9117570
189808,8,9119188
848320,18,9119548
1375893,1,9118872
421435,1,9116849
982833,18,9103009
362376,45,9115507
169029,8,9120916
768805,1,9118355
420088,1,9118228
2800493,40,9029066
909046,1,9115562
1078400,1,9029751
317310,2,9115841
838736,1,9117156
1056297,1,9116697
419170,1,9019119
120939,18,9118766
103087,18,9117810
1267523,47,9119184
576489,1,9116745
403038,47,9117396
329450,2,9115834
1324982,1,9118448
419477,1,9116742
278420,33,9115827
278428,33,9115851
359929,22,9102840
1057239,1,9120232
935064,28,9119415
2899781,1,9117940
2896596,1,9116472
419323,1,9117176
2900970,22,9119678
883279,1,9117599
360425,26,9103062
421592,1,9117762
440090,1,9117291
317493,2,9120280
1225340,1,9117859
120912,18,9119580
587552,1,9117165
863771,1,9117204
168767,8,9119664
422067,1,9027967
161154,36,9118865
1269993,24,9120132
168257,8,9115541
2838774,8,9117880
610610,1,9115903
409363,47,9097452
2925483,47,9117749
1237272,18,9119245
2474688,1,9117612
419361,1,9118410
397069,47,9029064
127842,40,9018598
278464,32,9014452
2880394,28,9118805
278620,29,9119802
279156,28,9115536
1268627,1,9102716
2933858,1,9118501
279153,28,9115620
279154,28,9115590
1057329,1,9118096
887946,1,6000012
419591,1,9116765
279417,28,9118682
715638,1,9117296
423363,1,9102768
2923411,1,9116651
2954017,1,9016677
419429,1,9117283
2774727,8,9119587
152529,35,9120097
128007,42,9118162
360018,22,9120134
631002,1,9117714
420781,1,9116897
419047,1,9102805
161834,36,9118860
923657,1,9117241
127620,36,9118834
2960432,1,
2990158,1,
168800,8,9119207
2845075,47,9119914
2812080,8,9117868
419461,1,9117167
127407,36,9005846
1585268,49,9120249
893341,3,9102977
887934,1,9119355
416010,28,9117403
2937275,1,9102827
1678567,22,9118462
2969139,1,9118090
274859,28,9119404
2018555,28,9117381
485680,1,9116727
279549,28,9008301
2882557,26,9115742
168750,8,9118188
1391815,47,9028827
2988423,22,9117602
610760,1,9116599
329131,3,9119658
2989605,46,9119278
155907,35,9117518
168822,8,9119202
877693,46,9103005
508699,1,9117145
575689,1,9116782
396796,47,9119482
627926,1,9116418
421737,1,9118295
186225,8,9118371
1202505,22,9027449
419206,1,9116481
2828199,1,9117623
579186,1,9116705
1569442,1,9117128
363081,47,9102938
795779,1,9115951
168629,8,9119377
3004430,26,9117053
2996238,22,9115518
642597,1,9118642
227617,31,9118587
419072,1,9115668
452980,1,9118376
973959,1,9102866
466769,1,9116006
656921,1,9116971
168225,8,9115889
958739,1,9120063
168224,8,9115852
168249,8,9120906
419536,1,9118051
999138,1,9117507
191535,8,9119951
198488,8,9119203
700215,1,9116384
3016043,47,9103001
3033737,46,9118173
2781166,1,9119891
2890500,1,9116768
3020981,18,9115679
889259,1,9116707
146170,41,9013660
1841843,40,9118814
858978,1,9117033
851582,1,9116802
506821,1,9118647
279536,28,9118630
2729595,8,9118426
2879988,1,9117075
360304,24,9118508
419245,1,9119074
964780,45,9119930
2897469,1,9115625
670585,1,9116945
3025065,47,9102723
279457,28,9118698
976852,1,9102871
419053,1,9102994
728265,1,9116065
742532,1,9116547
595056,1,9117694
164507,36,9118827
2989623,28,9119661
168886,13,9005987
419183,1,9116825
419328,1,9118409
595011,1,9118312
2725154,1,
419506,1,9118441
1394536,1,9115632
2746769,1,9119130
1261723,1,9117992
279452,28,9118822
1226233,1,9116872
419504,1,9117123
100584,18,9117964
1008753,1,9116630
3005386,1,9119187
419340,1,9118384
973392,1,9115941
3026187,1,9117646
550445,1,9117184
3016740,47,9118641
1056828,8,9118193
283257,5,9120012
883124,1,9116523
3024754,1,9102927
168792,8,9118922
419978,1,9116391
1023658,1,9119242
168691,8,9118375
156297,35,9117500
362515,49,9102928
421707,1,9119489
360155,23,9117391
168053,8,9118156
419046,1,9115520
421655,1,9116442
2828496,1,9102741
727976,1,9119709
420031,1,9119490
360462,26,9119196
760197,1,9116513
419239,1,9116902
363154,47,9118383
419060,1,9102997
100579,18,9115977
675642,1,9116561
657030,1,9116504
2758155,8,9120900
1330043,1,9102832
419027,1,9102849
2862654,8,9119200
3040514,22,
3046917,1,
959889,6,9120016
2996945,1,9119501
3040999,18,9119551
2868101,1,9116390
2970897,1,9116990
1207119,22,9118576
552626,1,9117550
767377,1,9117512
706846,1,9116545
362371,45,9119031
362375,45,9115892
362392,45,9119597
329703,6,9102719
574647,1,9118296
2846232,1,9119507
686846,1,9119692
168805,8,9115845
878745,1,9115919
922217,28,9118178
279282,28,9115849
612097,1,9118079
419632,1,9102797
2726019,26,9115754
537164,1,9119628
420260,1,9102992
419825,1,9102740
2781498,1,9117898
852982,1,9102850
978421,1,9102803
2999306,47,9119843
162510,35,9119266
420551,1,9102995
658067,1,9116519
1042147,1,9116679
1219892,1,9117206
1171360,1,9102838
895630,49,9118099
2865752,8,9117922
3077232,1,
755694,1,9118551
877309,1,9119797
420086,1,9116051
1071509,1,9116100
2835872,1,9119739
875876,1,9119289
419189,1,9119794
1511760,1,9119324
168240,8,9118414
3029407,1,9119035
420533,1,9117579
420535,1,9115688
420538,1,9115571
707612,1,9115978
279494,28,9119642
3082687,1,9118685
419088,1,9115633
864087,1,9102816
1305461,1,9118388
836233,32,9051777
419604,1,9102821
966246,23,9027736
419274,1,9119789
363125,47,9119333
363114,47,9117772
420204,1,9116610
419171,1,9117489
3076969,1,
769239,1,9119361
279416,28,9118627
2981053,1,9117323
328976,3,9017461
420520,1,9116537
923927,22,9118528
127211,35,9119268
419002,1,9116013
419139,1,9116863
100544,18,9117951
279498,28,9102749
198676,8,9119955
359970,22,9118489
2961782,45,9024535
419095,1,9103002
2956505,1,9119705
1276691,45,9102971
419449,1,9116855
894690,47,9118963
3077923,32,9117995
100546,18,9119426
3088014,1,
3063080,26,9116652
419636,1,9103091
978207,1,9115946
363153,47,9119380
2812601,1,9117354
3104630,1,
854605,1,9116614
3084498,1,9120817
3087249,1,
1375013,36,9077792
3104543,30,9015372
2856251,47,9119831
2804345,1,9120950
745529,1,9118465
420226,1,9118507
1185155,34,9120142
419582,1,9120857
3095769,1,9120522
3094789,8,9117262
2755630,1,9120648
3072684,20,9116099
100247,18,9103078
100244,18,9115998
100230,18,9115696
837781,1,9118401
2981758,46,9116908
3111369,28,
386343,47,9118599
706844,1,9116299
360160,23,9102889
2963377,45,9115780
419764,1,9119011
2726618,8,9120835
1067690,1,9120053
127733,38,9118837
127460,36,9118838
420017,1,9115922
128048,43,9118851
420156,1,9119127
862251,1,9117230
965870,1,9102860
2944024,1,9120896
851134,24,9119560
3108936,8,9120709
420547,1,9102828
1093871,1,9118655
120931,18,9118718
2776204,1,9117301
351221,24,9120820
3077552,1,9120869
349689,23,9118944
3050119,1,9116375
127157,35,9117555
127402,36,9029502
127740,38,9000568
127776,39,9117823
278519,31,9022890
279034,28,9017647
279400,28,9120144
329108,3,9007485
419485,1,9119195
420079,1,9116761
420655,1,9117339
421338,1,9017871
421382,1,9018004
421758,1,9006792
421781,1,9017869
421969,1,9006188
421985,1,9018340
422618,1,9025940
422653,1,9103573
419499,1,9117083
838739,1,9116991
420018,1,9117357
846043,18,9005059
419306,1,9116479
864151,1,9117257
902249,28,9118175
629962,1,9118412
917681,46,9118738
930605,1,9017473
874950,1,9116237
483006,1,9120206
385898,47,9118379
526234,1,9117616
870150,47,9119123
958827,1,9117829
127840,40,9018595
158414,35,9120092
100423,18,9117998
436490,1,9117353
496684,1,9116611
278508,31,9120163
978084,47,9120225
661662,1,9116940
420128,1,9117073
829219,1,9117273
950310,46,9118727
687170,1,9117860
753809,1,9116822
699547,1,9116947
413188,36,9001525
419122,1,9116668
419298,1,9119157
419322,1,9118558
1023388,47,9102720
168837,11,9119477
420032,1,9116929
772671,1,9117611
419179,1,9119276
360153,23,9118138
903921,1,9115963
1036271,47,9117415
526256,1,9115939
421885,1,9116483
279483,28,9007371
991415,28,9117422
279429,28,9118887
279180,28,9016668
279465,28,9017561
100533,18,9119423
279313,28,9014163
639797,1,9116037
918580,36,9018808
419829,1,9118225
1054582,18,9010227
421912,1,9102823
981464,28,9072543
419845,1,9029607
418772,1,9116412
1014429,1,9116568
168804,8,9119839
376528,45,9119832
681565,1,9116911
980881,6,9115731
862935,26,9029260
257609,30,9120168
1171047,37,9015053
278426,33,9115621
990230,1,9116691
168778,8,9118432
1182272,28,9117457
927899,28,9119652
837884,1,9117058
976771,1,9115910
1180309,8,9119113
1053441,1,9119617
445088,1,9116443
981764,1,9119635
970317,1,9116404
1224321,11,9119391
523156,1,9117787
420215,1,9119273
168793,8,9118185
204663,8,9010705
168642,8,9118397
587613,1,9116011
167958,10,9007389
168066,8,9117870
168885,13,9119396
177218,11,9025564
421608,1,9118065
422160,1,9118254
817851,1,9012743
602681,1,9118636
1053848,1,9117592
419702,1,9117236
1007314,1,9120043
420925,1,9115572
419252,1,9118559
1300288,1,9116665
243689,28,9120175
418278,1,9116548
1167860,1,9115964
329473,2,9119989
1047810,1,9120181
458406,1,9117840
925023,1,9102704
1377926,1,9119086
420280,1,9102765
191482,8,9119336
1352320,1,9117001
1053503,1,9117815
1415333,35,9118163
100133,19,9119928
621142,1,9116821
363151,47,9118378
2474691,1,9116529
162497,35,9029195
1471549,1,9118088
698956,1,9116399
360424,26,9102703
421733,1,9117016
2733014,8,9118365
429213,1,9117208
362386,45,9115546
278418,33,9115806
418421,1,9117126
927605,1,9118094
591246,1,9116865
361585,46,9115894
152764,35,9117558
279415,28,9118585
279453,28,9116840
1526750,28,9118634
329878,4,9009269
2752239,24,9018638
947512,37,9028908
362377,45,9115544
361586,46,9118070
329460,2,9115717
2757049,47,9029707
756905,1,9117801
420276,1,9117637
630987,1,9116701
419063,1,9119712
362389,45,9119833
127231,35,9117961
168226,8,9103084
768916,1,9118618
826801,8,9118219
419383,1,9116735
127166,35,9102774
461184,1,9117335
941447,1,9117315
420166,1,9120562
862889,1,9017565
2713456,1,9116875
127855,40,9118789
421611,1,9118057
420162,1,9118114
360422,26,9103025
1381765,1,9116030
278939,28,9117408
2798946,1,9115929
763160,1,9120041
419907,1,9119594
1011646,1,9116046
421541,1,9117318
179432,12,9015466
419986,1,9115933
715566,1,9116762
889339,1,9118439
821686,28,9119748
968575,1,9115583
224173,28,9007673
2790549,1,9117267
1057758,21,9016425
421823,1,9117194
360144,23,9118924
420258,1,9117379
685744,1,9116952
2824278,1,
2738804,1,9117711
127431,36,9115690
1309380,1,9117848
640519,1,9115926
168699,8,9118217
819471,1,9102870
937372,1,9116996
2851565,1,
168795,8,9119147
741165,1,9116066
751009,1,9028811
2856022,1,9117213
755031,1,9117502
814882,1,9117802
552994,1,9117290
2865154,1,
549797,1,9116007
168769,8,9119358
843967,8,9119325
2757964,23,9119128
363111,47,9118139
363012,47,9119159
1377107,1,9116755
100592,18,9118334
100521,18,9119222
140530,42,9120103
2880611,1,9116669
127355,35,9102753
168802,8,9119141
100556,18,9118714
421575,1,9118423
127869,40,9118817
2835830,8,9118187
847190,1,9115981
326677,3,9118964
1214777,1,9116618
419275,1,9118395
419400,1,9116656
1040107,1,9115971
244725,28,9120077
612192,1,9118040
100006,21,9092277
1344471,1,9118203
2036374,1,9117520
168256,8,9115618
388437,47,9029322
2904591,47,9119599
736435,1,9118231
2906172,45,9049246
421779,1,9117799
2764850,1,9017808
121116,18,9015072
877567,18,9118751
685834,1,9116889
1460538,11,9119543
337056,22,9120127
2832997,47,9120246
851217,1,9118277
1460380,24,9090847
629968,1,9117154
982082,1,9118708
421505,1,9117591
1063879,35,9102724
828429,28,9119437
243756,28,9117402
2815053,42,9117832
328852,6,9006967
1377485,36,9118801
127478,36,9118836
1008948,1,9117970
329676,6,9102722
2848531,1,9116444
171358,11,9119533
2940318,23,9119807
2773860,1,9117277
465797,1,9120942
602195,1,9116033
1344475,1,9018277
1047475,39,9118879
907707,8,9115853
981999,22,9118668
2876311,18,9119919
897026,1,9118314
1044432,21,9119581
419029,1,9102979
329678,6,9103043
464234,1,9117501
463477,1,9117672
279260,28,9120180
414766,45,9119879
685647,1,
329017,49,9120193
423250,1,9102894
329675,6,9103099
895205,1,9116434
910966,1,9116550
998180,46,9102735
1018996,40,9029328
168232,8,9115604
986739,1,9116574
1048894,1,9116079
211330,8,9117918
2976753,1,9119175
401635,47,9120236
541356,1,9116517
168474,8,9118446
419739,1,9116644
421579,1,9117197
2903988,1,9117890
2928927,1,9118638
2912178,47,9119659
419201,1,9117380
419331,1,9102880
165540,35,9120113
712462,1,9117618
2738853,1,9117754
671827,1,9118984
329771,5,9118905
1006850,20,9014252
168473,8,9118933
190518,8,9118421
2785118,40,9001608
2955481,46,9117936
941767,36,9118857
1189295,47,9117442
421573,1,9118053
1011680,1,9117929
400993,47,9120219
419495,1,9102873
279357,28,9119407
2990940,39,9018099
695099,1,9119698
594251,1,9117281
419860,1,9119178
2962771,6,9120011
329542,6,9029633
2983287,1,
419031,1,9102820
2452489,37,9119226
419432,1,9102884
704869,1,9116589
2987604,1,
127863,40,9029332
919014,1,9118044
2800917,1,9116528
419120,1,9119731
1262651,1,9119782
614237,1,9119636
420220,1,9119290
2815565,8,9119332
2798448,35,9117822
2781479,6,9018163
2759166,1,9118221
1431772,18,9119920
2747862,1,9117655
420194,1,9102920
3000086,1,
3000555,35,9115689
880102,1,9118041
3001125,1,9117059
2921214,1,9119319
2987885,46,9118742
446873,1,9115906
2845674,47,9017913
715657,1,9118605
728963,1,9116726
2881518,1,9116972
421595,1,9116540
926291,1,9027795
869270,19,9103056
127154,35,9117564
168610,8,9118393
829371,1,9116533
2873266,1,9116660
420184,1,9117270
669589,1,9118594
160163,35,9120105
360157,23,9118899
1094278,8,9115614
261605,28,9013921
232375,28,9120082
605498,1,9115904
2905440,1,9117516
421610,1,9018553
3023061,26,9115708
681511,1,9116960
420993,1,9118232
420216,1,9117175
419646,1,9116956
945062,1,9116634
3029213,1,9119073
957167,8,9116082
168060,8,9102943
360296,24,9118471
2985335,1,
712267,1,9116750
363163,47,9118150
108064,18,9119924
3029412,1,9118008
1140390,1,9119076
418290,1,9118513
3017565,1,
1338344,26,9115745
420603,1,9115567
2745613,45,9118274
168779,8,9117917
669808,1,9116907
431846,1,9116414
914751,1,9117741
612002,1,9116403
419087,1,9102802
418111,1,9116474
100587,18,9118731
2941998,1,9118425
1227442,23,9119757
168571,8,9118398
982767,26,9102957
605536,1,9116666
2933516,1,9119514
848621,1,9117140
214566,28,9120177
792067,1,9118116
480257,1,9117796
891361,1,9116627
544040,1,9118142
2946796,22,9117443
935202,1,9116044
420902,1,9118544
421670,1,9118496
826780,8,9118172
463802,1,9120495
928457,1,9102826
419059,1,9103058
167912,11,9116862
314415,6,9120000
705554,1,9119502
483676,1,9116093
657509,1,9116640
2765809,8,9115531
419565,1,9119232
2774460,1,9117113
168189,8,9119110
866335,11,9119479
171209,11,9119459
896491,41,9118819
1064237,1,9117580
754289,1,9116409
483875,1,9117169
2895947,1,9115671
507261,1,9117313
2712930,1,9116848
3030080,7,9007251
685347,1,9117351
100050,20,9012679
878740,28,9103048
421427,1,9119234
419353,1,9117042
594905,1,9117099
100476,18,9117891
920391,1,9102785
361589,46,9118582
1495541,45,9115789
279537,28,9117461
329126,3,9120278
100137,19,9103090
419210,1,9117038
2771033,1,9102799
2768119,47,9119129
2961715,1,9118009
1384945,1,9116395
260546,28,9118623
420177,1,9117842
771524,1,9118033
927060,1,9116824
867649,1,9117279
693492,1,9117090
441715,1,9115956
962702,8,9118202
3066669,45,9117003
128051,43,9118856
423352,1,6000004
420531,1,9117011
1492412,45,9120947
418792,1,9119781
175706,16,9119392
2450881,46,9119655
2878894,45,9118338
3073263,22,9118016
418798,1,9117540
3003165,1,9117688
329459,2,9115719
872866,45,9118337
419789,1,9117681
224583,28,9118743
419487,1,9117095
419486,1,9115693
2853252,45,9118244
3064587,19,9119451
2973989,1,9119723
3080810,1,9118049
421400,1,9117805
849165,1,9115952
3078915,1,9117581
1113594,1,9116869
419089,1,9115685
3044911,1,
533907,1,9117756
846125,1,9118970
2959861,1,9118486
2977657,1,9119487
2966564,46,9119855
854451,29,9118824
2773513,1,9118602
814951,1,9115938
419062,1,9102809
419068,1,9116085
113002,18,9116838
419061,1,9119798
419937,1,9118092
2197750,42,9119856
3032649,1,9116659
2723532,28,9119402
279245,28,9117455
100241,18,9115918
1067241,18,9119610
3098796,22,9118351
291909,4,9120895
421694,1,9118522
647808,1,9116795
1390796,1,9115949
1038822,22,9119125
419706,1,9117009
419476,1,9116900
3044922,4,9018039
3032650,1,9120494
362430,45,9118276
631028,1,9117153
3104667,1,9117493
100240,18,9115694
100042,20,9102855
100242,18,9115603
100022,21,9115649
419763,1,9117040
1310676,1,9084273
127641,37,9117497
3091087,1,9118437
3003335,1,9116296
2806292,1,9120856
2793536,1,9102986
420132,1,9116790
419686,1,9116476
3096805,1,
959423,47,9117395
1397945,8,9120834
127738,38,9118797
329533,6,9028420
768938,1,9118578
780033,1,9116973
993738,1,9117013
868883,1,9120864
1469529,1,9117939
144939,40,9118855
420549,1,9102804
420543,1,9118238
420536,1,9115930
329306,2,9115716
1011363,47,9118998
3080957,18,9118233
513519,1,9116008